{
  "util/Formatter.js": 1605056798000,
  "i18n/i18n.properties": 1604570828000,
  "manifest.json": 1605090082064,
  "model/models.js": 1604570828000,
  "controller/View1.controller.js": 1605088078946,
  "Component.js": 1604570828000,
  "manifest-bundle.zip": 1605090081705,
  "Component-preload.js": 1605090082018,
  "util/Formatter-dbg.js": 1605056798000,
  "model/models-dbg.js": 1604570828000,
  "controller/View1-dbg.controller.js": 1605088078946,
  "Component-dbg.js": 1604570828000,
  "resources.json": 1605090082068,
  "view/View1.view.xml": 1605056798000,
  "css/style.css": 1604570828000,
  "index.html": 1605089485061
}